image,target
ioedeamftahwmovcpgigwnypdhykwz.jpg,0.2089615
thxqsrejgecdethcqecanudtfofcrh.jpg,0.66522115
tldspzpkenscsjyokedqawzuqdbjfh.jpg,0.38811886
urfpnxaaxslypipkziqixilgvtitse.jpg,0.21303639
piswtqhtpepgcmilxfeiegdqpofqig.jpg,0.80057293
sseuokumxzgersmrlhofzkzgrkozkq.png,0.88136035
ilyczntkhdwwqxgayvmewwrvonzokc.jpg,0.6406586
fmkdsmhmklnzkownqsschpnomjedlx.jpg,0.73547196
wtcbodbqepiirrtgpzclqipkojxodr.jpg,0.41999483
bucfsqoezlveinjzzyyfiianjzrklf.jpg,0.5963136
uoqujcamsyjwlwoztrnvutbgrhdtkx.jpg,0.45601434
gadijdxgeinztdiaolvtceypzbvlam.jpg,0.2776553
cemwpmilmtzyyvpoxxflruiyubdzvc.jpg,0.644642
kfkptevnxrhoofzewofglxzxgvkdcg.jpg,0.410835
itsfoylidpuiehheyisjrssydwpkjs.jpg,0.5764769
tnptubiwafwpnymkaaudzcjibkzfgp.jpg,0.3907815
aclkjfvackiieiznzfcwienplielrj.jpg,0.899592
lckpbjorlzqrhcccowfsaltairdvtd.png,0.6943119
dxkxrtwzulytuhegnxjznhxxsqdvjt.jpg,0.97175354
plcaliiefkehjeqojgsaiztfbluwbx.jpg,0.78813624
idardcfquyazdghrsrbiyujmguzxnr.jpg,0.40624332
czfaqpiyukmerduehjkdrhkhtqxbia.jpg,0.69518715
puffqlvmnlfcwcplpgbrgkuhgkejnl.jpg,0.31027728
gkxebviifcnfepepkzewerqlksciqa (1).jpg,0.6429875
mzaawjyklcynlmsxhziexrqskewnsl.jpg,0.22962435
noesixortoazgbkeukqoveyibvaxrc.jpg,0.72896236
raoltfuznhttwcfpscjepcqakdkmey.jpg,0.41734242
olvntotfzczjpihgsmsrdshaphevzh.jpg,0.5511476
eyavyurhmycfumwdjnvvxenleadrcl.jpg,0.45985132
hddqpruzeyfpuemmkrvajzewjauqbg.jpg,0.53311986
imzjoogcbcvsgkbekgsxdfhxdlodgb.jpg,0.16491137
rfbvqxxqlifrbwhfyopkxalfmvyhfy.jpg,0.8629026
cjbutauggylhztvnyutbozyfqaealv.jpg,0.79158944
kduwskepxdwxdgfzkgnfnformtkgzg.jpg,0.75508785
orzwzwgaccsbeglnbxsitvpxcivdcm.jpg,0.46442646
owffonqaueruqlyakqnwwekvjaougd.jpg,0.26961842
lzvnzvftxmsgfnxqriwbranxlyjumy.jpg,0.24814309
tnvtseaxgaeuxslabsyczpucoervej.jpg,0.27986407
aadawlxbmapqrblgxyzarhjasgiobu.png,0.3187753
vluqtgdfiywtuveucboijzbanifapn.jpg,0.8944223
gkfzppfnyudvlfjjltjihfdeqxmbyf (1).jpg,0.5710853
yurmkbqrwlidqgbgeeszgsuzzizhtv.jpg,0.25492904
siqobtmqebviudcxtjszqquivmzvil.jpg,0.23444691
snqqviwsotitwwrblhtiabhvphphqw.jpg,0.44365653
dlaaovaxfeqezvculovoovlyakhlgd.jpg,0.50686544
plhsciipiahwdvplstefomscgwxnje.jpg,0.39868665
qlbqjvzglvxhtbjyjrfunwrurqrxox.jpg,0.75739056
alfuzzlrjkdrrzauiswqnuvpvzfluc.jpg,0.7359384
iosikwfhnhmqdvuymkrdeatakkdryd.jpg,0.24128403
qasruetvxhqscyidfqsbztqteakyss.jpg,0.713037
lmrbtgixyoyrpexyiydyqjsexswuxr.jpg,0.9060064
dfbqqsvocxgkdljrvnnztyvaexmxgp.jpg,0.6939986
qddqjbxtpsdrvjjdkzkycjbbrgpekf.jpg,0.21015754
griokgoxjwgbtlffxnqnoefynizroa.jpg,0.095173776
gkxlqxmuohjzxzweewniylzaxuqiit (1).jpg,0.1183788
qubxzzlnsdvcesxfodgkfhnckwewmm.jpg,0.39118826
broomszdrrefxhmthsxwurzfuutkft.jpeg,0.33952078
igulitrigxyyzhhiduazzrwydlqrcv.jpg,0.12338589
fwjhmiqtdoufzyyzkjzxrhzdwkcedo.jpg,0.37248284
djdsobvkfuoagxivxpraiusgzjozds.jpg,0.89317334
iurkzngzsfejzqwpvcogoamriplacq.jpg,0.46777067
rwrhwxbhdpdvlaxkattftklqiorcpo.jpg,0.5433198
jvpejwtddpkhiqhcikzoaojczgdwfz.jpg,0.62096643
lucoklnkqcjyrxyvbgnarqspgcwrku.jpg,0.3600904
lazlpqdyqxvdtgtfuwkcplrmtcoeoq.jpg,0.9135504
wgkzydvcyrnzspiukwtrbmwptujyoo.jpg,0.31643617
woobvdyoeohahdgjtajoywfsxmtijg.jpg,0.22490996
kujdzaccxtihhcwwvsnuublztrnzie.jpg,0.31666982
tihnjhjilrcolmyupysvxjvqbqhvzr.jpg,0.18226989
smanxydzpnqbtgyhnkbkqslunnvvyg.jpg,0.76676804
inilzqtajpxhdbqrrrmvnhrzmevhkv.jpg,0.88636005
jjqgfnkunxqxwlrjxgakwcukfoavym.jpg,0.5832019
lmdcsyqhjxxvdfzakuhxxmcrwmqkjj.jpg,0.5223104
llecnksnwfhbpbcjzzijseaoxblcbo.jpg,0.14837213
kigglxwgyxssmujauixjszahnjctrd.jpg,0.1480745
mlkbwnogazpkcxpcdaluzexzhvbsbr.jpg,0.3225749
duythftfcibydcrmobngveppsbczuq.jpg,0.2914664
nbpkndryqyojnydlzlnfibqdhnsjzo.jpg,0.8824351
pektafvzybcgssvemzxjypfzsriqxx.jpg,0.46677178
mbekjxyxdchvessngkvjexxfyqdrvv.jpg,0.3510779
meqeaivcxrtyjjlaaysnjeytrmpqmg.jpg,0.8567603
bcqfficwazmpxairlfnchvusputshk.jpg,0.9479645
blgzlxqgcpxulfwfywadwbbeptqcol.jpg,0.29693356
versewmzeguanbftslpjlyrupgqobt.jpg,0.33767882
rjcsevtxucgtrcxvvsblkrakusacxq.jpg,0.32358178
ixbtflbbatnitjiveitztqwnjfvidt.jpg,0.16577023
dobrsakjzqfkkwbuvhfpxgjynstyjd.jpg,0.20257904
nwikmsqexytmdgyumqrfomreztdxxz.jpg,0.58712834
kjdbifjcnzclwxadgtmgafbcylljhm.jpg,0.28636998
pwynnfibfpdkeeuzxjljusaieterpf.jpg,0.7499266
xynfggwypiqaesxayyvjlqfmhsvnlo.jpg,0.30054423
pxktxhdsuefrpwxtugwuvttfgmqvyz.jpg,0.16076006
oxtgwjovwkjybnyejaezfzqerhvpqj.jpg,0.5986616
nrlywwygzrswfdbhjvdtakksrsvjgk.jpg,0.18873206
woulzzpagnqwxegofpdnsxbytvjdki.jpg,0.05403653
lpxbhrpimmbsyeufegmxiuobcblwen.jpg,0.66421133
wwgnzvefvkhqgcvgzvucdwslmhqdfl.jpg,0.350543
laaqrylcpzmanpcdilwteiuhetchzt.jpg,0.5687252
eofsqiwaevaeqkxjdayeeyzhliteho.jpg,0.24770619
myruvkfrzwvlkxajpvfhdulbdsqucc.jpg,0.11826533
rkpymadccynfoyvmiftgekkfbbbhdi.png,0.6832603
ssidykbqfofxaqtorcftxaxtusuyvc.jpg,0.8011366
wnwkpbivybsvhesdkadymsqmqopfuy.jpg,0.94153965
jiuvimokosuqcqgxsjrpepfrxnudvl.jpg,0.49505606
loyubqchniltkypeilmzrmwjnvjeiq.jpg,0.8908908
micftikbkvjlfcuknzwfbjpjdhioxe.jpeg,0.27773172
zjlngjlzjwonpqhiiztranntupvtom.jpg,0.39739218
nkexoipjsbhmytzjsnvxpkqhdtqidv.jpg,0.78269947
vhwotvbcqepkhmhuhqvbdvahsixptb.jpg,0.42938
glnkqsehtsemwxgfcabdouxnguoope.jpg,0.5550937
kkgjefxvtjfypjsjgyhshrutwhgdml.jpg,0.5517632
kugkqjdlyxywogtbietnbvcmpjllwx.jpg,0.5232486
unwndegdcmlinkjsprkshhnpomqvwd.jpg,0.38598603
bivegebpyjsmiaylkruufjevjxqydc.jpg,0.54050434
qjkcqczswvymlnybfyqxppcwciayzz.jpg,0.5894235
kwufgmdpyknfvezeytoywortrtkcha.jpg,0.58055276
aelzzshpfxerelefnkatpczktuxjln.jpg,0.30665022
lihqabxpdhfuuctwreixqcwwmjdvkg.jpg,0.3810283
jelzmmcmozeaeiswvdkwcltfccanwg.jpg,0.9807556
nzpfwndzpzskokcaqmsxlqjgdyrmhe.jpg,0.17210898
nyqzmqlebpyheacmxpeacxszlgxagk.jpg,0.23138966
xykoojgoemrcfmvdobwvlurbpoikpq.jpg,0.57361764
pneabcoxhrbfqowczgsexzharlezae.jpg,0.44664463
zneawovpezfvxphxdlzgpjhllyxuss.jpg,0.6330689
wcjujbvemumhadmwcgkgwahqmrhoif.jpg,0.26754382
hdmcngrvtgikfstjgrgqfotraeffgg.jpg,0.07747631
nxigjkucblcrgqfmwcwritnrmcjsgz.jpg,0.7382361
bhczfsgehqldydadvfldnunftxzfdv.jpg,0.3716885
klkerkiflmmwcuzjqqkvhbrazosuzb.jpg,0.65703326
ewrlffkoseneqgraxwhomtlwxiwekb.jpg,0.4281307
usdqhnysmqfjitrxqnfxkureaphlsa.jpg,0.3484377
iwrrnosiwxykcwfnzdnephwjeynjvr.jpg,0.76999986
krnwchletlzkiqqzgvdfhwgcweukol.jpg,0.37632447
lpozqsannlntslamuxvcfpbjttiihl.jpg,0.44283167
oojheezdsmrbzaxtpeapauytvovivl.jpg,0.21376576
gqbziiohphcmauvpfwlcpyxqqapghh.jpg,0.6015645
xfnuyuiibfvnhcxneinujhzmxyffdn.jpg,0.634898
gdkceqpjaozdsbfuaapadetsdgsoyz.jpg,0.9242107
dhxbbarhojjiuoacxyzdtayykriavi.jpg,0.6390968
zuignwckjykxefmpubjpjefvhghaoi.jpg,0.7379445
glpbrbtkrussrnfolvxynzjdfkvbin.jpg,0.7099739
qlbtwvbhuhkdoyzgfkmcfqwqjujjwh.jpg,0.39867657
vzygdcxwtgrkwsimilpsbttbchwjey.jpg,0.77611834
hepwugnfdvxafszdjsdmscpcvejipp.jpg,0.56627965
lhiwujhlwspbbgqydwewaioirumkri.jpg,0.48426223
omdjxmhixkgnqsvczwkplpjivyvdbo.jpg,0.6931089
tqpfjhcqdnetwghsusmzymjepbdnds.jpg,0.10985031
jhwecyoxnwdqysddxcjogbvlhjxrfm.jpg,0.35378557
gkxlqxmuohjzxzweewniylzaxuqiit.jpg,0.1183788
lqfnxaohuxlvexjgebyyoyvcpvfzte.jpg,0.13659549
ujdigrxiqfjtzrjgfwpvtjsxtviztq.jpg,0.4622234
blmgakpsirdrdnimkjwdnbusgactzx.jpg,0.832967
tewzkpvegeenvrdteiupwxlvyjyffy.jpg,0.20575158
wflunumlnfgrpwisuymmudqnjobspo.jpg,0.5293777
itxiomwebnkfodztausaduxyrhgfrv.jpg,0.72323513
jwdjkvvfvggphwhqatmbkjjlzdienf.jpg,0.2549012
fvlynglrxqdpvnhnaojggecbomqvbr.jpg,0.28302586
gtydqhzuwwcebasjexbrajitsqhnfh.jpg,0.059054144
kcnlgwxftlpioadzfmayiitkbnkpfq.jpg,0.3095225
eowgxpfwjhfpfvoytzlejmtyxegcfx.jpg,0.4364476
hdftlvovpcycpipsqjnfxbzuvmlnlm.jpg,0.8165661
iluwkwmnrgiouhirnkfdmhnczfxivc.jpg,0.20478058
mdwgptlsdcgkglflwsqseheibugref.jpg,0.16555873
cdugozukojbkpzksazbxqxnpxnoxts.jpg,0.21712816
osirultbdzsgmknbqrucggtqnfoljs.jpg,0.4768754
dgzjgjduiwcejpltzhhsdrsfrfwbhm.jpg,0.014066207
kxcrhxbyxvhqnwqwqoqmaafwikuegm.jpg,0.6785208
geszfskhujvpyziumhlqpgptmpajtt.jpg,0.2257551
svegbhuohnflowxkhjvkrifgmxextf.jpg,0.7825613
frpsiqoutwcdsluictnefqjbnhaojr.jpg,0.2664176
pixwzsjkuqmcdyobcgumwetegmnyfu.jpg,0.7847359
fhhipzleexntfxjqfztvtikwqlylfz.jpg,0.37759197
xkoqrazzrpistsmscyvjarmiuwljsd.jpg,0.921604
gsphpflowsxvbzmqoehtwimxigmexc.jpg,0.58033687
bvrbztwngoiduyhlrnxnybuqamwdjq.jpg,0.89563924
weipwizxckxeagywuilohlxktcrypk.jpg,0.4957397
ytxadvbbcvbohxmbtvnyepjzdskwli.jpg,0.17698525
saqwjlvhyizasymcqwuumkayyalabr.jpg,0.4321436
zdfiplzlfcwkyfucjdtkskjxjdeavq.jpg,0.8566882
ohiszivnnrkglfcpkvgqobmozjgrwa.jpg,0.46874583
csaamuupuegbgkdvhihaucddwkvgcg.jpg,0.34747586
zkmcdlytdocncvgmigqhklfvjqwrni.jpg,0.3674559
tlqprwlybfxysvhrnfgnplgbqgsswu.jpg,0.20299654
nlmpasjsptsygvnkicmsroqwepliof.jpg,0.6688877
csrqrzoyceubuehyicuwjisnsvyfuk.jpg,0.9157958
vvbpnstpnzspemzfccnfftwnsyfosx.jpg,0.6902825
giigxikznzogtrwiqdlrgcdrhbndrp (1).jpg,0.8651797
wzdhiyzvbjlpatadxltwukvizlkpfi.jpg,0.052027006
lwhltrzhopzxcxkmjnepvkfkuocyyf.jpg,0.82105917
vwnowxqsikzzgaupttmtfffkbprphp.jpg,0.79518616
weubnhdcwsklnxmbaoetvbzfistxwg.jpg,0.7433256
lzjxvwtdrrtwjceqgmucfpngihgdxm.jpg,0.30267164
bqjjodotjhmmchkiityjpmglknkzdq.jpg,0.79714304
lsdynvygkfyqehlpwbqammadxmsctv.jpg,0.16437234
jiorwmlthejgwwbnshbuevjaunqbku.jpg,0.32964233
ovyapwxepknnprboziljwxeskjuiim.jpg,0.09024676
mawbecdfltccgqymuosaxqmntvllvm.jpg,0.5235932
goxowiqsuthbriuqxiespbmeegqkvf.jpg,0.4939745
uyoqejdoxyisbuqsbwjwaecqutvtwg.jpg,0.93713737
zhkdanqqseexvicplcyekiwjqqlhhz.jpg,0.08175289
hirjzqktwfoauvblgqocpnrhksqdih.jpg,0.66909236
ykmaworjsfbglvakdrsbqhupjiqkhn.jpg,0.28927025
bihlsygajgvqsywzkpfbmupevnuoqh.jpg,0.26376414
mrytehdxapzyymznjhvbvkhutalisi.jpg,0.35859546
aljnaycepveqbedxhsklixyjodpcho.jpg,0.26056373
gvzjodvhueivloxnomfhmpmcdbzvap.jpeg,0.6918086
gmocqhzokvhyrkohiraxixdbmcscjq.jpg,0.1738864
ioafahyushqhdpfinjvuormfkchmjf.jpg,0.37327853
jnzcxqykfzbkbbgyscanfvxeqyruzh.jpg,0.07325397
pomnzkamhxjwtrgalmkbcevrqlijft.jpg,0.19422616
zynasgxnxnzqaallnvkthegctommtu.jpg,0.510654
rccyeivmdwnblrlijjuyvzyxslwuhh.jpg,0.26764843
cgnarbagkiqkuvnbgidtpbpzlxxzzc.jpg,0.53493863
hhirnwzcfyhnrwbfjmhioqyosjouxm.jpg,0.17253144
pfruckaftscryoyslnzsaqjlrntcdh.jpg,0.5456688
gjppsnmwvegpfaotczwscojavigasa (1).jpg,0.1693806
ayqcgikqwwnikkwdufxnxhfixdpelp.jpg,0.71145225
uvxtmvpwvucdhkyfjuqzrnxxgecptf.jpg,0.282611
fnefuqqsicuqfsymibosjdjwawrmvq.jpg,0.50169975
ixnarcfjcjzduyghjrmbpsezuhxdeb.png,0.5484163
jqgkxlfpzrktkyilfyuhhdyfsycanf.jpg,0.13775164
yqhsjijloqxbrfjzbqnasiqfqyvgjq.jpg,0.26618543
zojvaryviuzftjfkmeazlzekvpdxri.jpg,0.66217333
bophtvssbpnmzkxfxuvupbriwazlcz.jpg,0.19274104
nujqgvjxtkvnopkfyzciaziyjndntp.jpg,0.48641196
szycncebucycdqljwiolfshxndzpcm.jpg,0.39816573
jgwawiynmntnlhhwckjlqtijvnkjff.jpg,0.8173327
jxtfudtgjrjafphvpcpyzvbjzkedlt.jpg,0.33777782
cytfwnqddgfmwopldwoyzfgvdshchj.jpg,0.1304632
gbdwbyuafezgszupikmwrdivflidna.jpg,0.15164693
cxtbkqwdjxgxlieyzzfokybmrynvzt.jpg,0.68344754
nncgaofbnlhkcvnvhajmgrxpomzzba.jpg,0.3242087
gjppsnmwvegpfaotczwscojavigasa.jpg,0.1693806
sfpwptgynidjmylpqeukgkhzqcitgm.jpg,0.757356
zjcrlegcioljqhlaowlaklxwojfpil.jpg,0.7354758
xemgrytlfzpwpxlpoyklejnqclztru.jpg,0.58206606
ifhrlfbitalzvqnfwqnuudutpbfpdq.jpg,0.7439917
phbrlkorxtxgllwntzlgujplyffcdm.jpg,0.78569806
nnlxnagizcelrbzdeqpxyonlfardpk.jpg,0.53220135
eqycjhiuvqojearvldxihxvmrajwtc.jpg,0.23438124
xzcvpmdsnwcmeooidiemxzofsvqrvo.png,0.33421445
nxkricypqzyjopipbggbupjyjlyhtj.jpg,0.44309568
utjaezxnmbadaiqjqgkmdmfdzqozqr.jpg,0.33567187
ivhqllncotctfxttkqqvwamkdeokih.jpg,0.2026775
haghwzucuaiwbeuerzxnrnflkytyqu.jpg,0.44206202
xkdueyinwrnlyioamfbqqymynyyjow.jpg,0.47061843
yionojckwcmjxtjevsvpmjezycmilb.jpg,0.40623227
zpfhbgixcctxylnihhrepjgcmjksvf.jpg,0.20270029
wiovvusmzmxindaealykgesxwwleql.jpg,0.34181836
plvzvjasjncvrchqwqdwhuzotiofek.png,0.72178364
tkudaszaqtrzmyypabwhwanaqqdgsn.jpg,0.5990521
fuldxhllmyyhygdvrczspchtlwifqm.jpg,0.25696057
cxnmwtwjlhvwljnwzdyucnlrkwmzva.jpg,0.8301636
mtqtvazpnlsfwlreocalqffwosonni.jpg,0.7328357
jvcaprbropasegknsisprgwgitcrpi.jpg,0.5170238
gftflwiwqrswxrpccfpkhdftoajcws.jpg,0.2166062
qwylrrncmfibtlszybqsofemgweggl.jpg,0.74509466
geaxljqcgthkjujpgjqtinitobfjqe.jpg,0.9405131
yncgdbcfbdpippiqjexosicvuxetik.jpg,0.8192109
eqhyxymtcmsvgesckcrjowyebhnohw.jpg,0.2570476
vlxbaplwagipvtfkcjbzapysqmffld.jpg,0.91939545
txjtghyvfckkbeihbmqcamrwmhfwfr.jpg,0.88297874
dnzsxkpbmmtytvrlklmnbprbcwysix.jpg,0.33032072
ftcupseqywfpqtfftqilalhmaanpcv.jpg,0.5355029
pdpxzumgibtauzdnqjxumygocmkunl.jpg,0.66749525
xaufwjptvdpofxbuefzpcbjdgurmov.jpg,0.38064107
jbmhymhbpiobylwbugudyfpnkmisbc.jpg,0.8796815
iuzfasnekvmbbmtqetpnmrxcyopfie.jpg,0.24292313
wpujnxoeirxcyjiiezydfkaxksrdwg.jpg,0.79713583
lyousdaviagybwamxfwdjpjfevopkf.jpeg,0.46834698
gdwbhsehebmpgcfbndlibiccryfxid.jpg,0.86701614
iczzwmswptqjkzgbczxmgewfkfbfbn.jpg,0.43223396
nzhtmzjahmnlycpchimibdygcdkcnz.jpg,0.47987443
nhbvrxtecdhhvyyzdjumuhxwfgsnqf.jpg,0.4926511
jsrbntbtdheogzmdzhatavcmmarvgl.jpg,0.39134583
suvnfydgvqcgdaxlsazlxgubymvfhj.jpg,0.3553921
elajrsvrogkgcerlrfjvwgzqdzjumg.jpg,0.28775737
qstbmncsmqsiwmnzgipyutolniuxjd.jpg,0.44833845
bctvvfysokpohqxzngbuuaugtgtkov.jpg,0.188077
geadhikvjfcvvrtszjsxqnevbdvstr.jpg,0.36481547
ufjcnzoabfdevufathmxztkvmlfgmd.jpg,0.60910475
orsoixyrasfxlkqzngwfasbadeydlh.jpg,0.678677
phpzhjjsvyqxouxeeaethnilycqdoz.jpg,0.56251925
lxxlzvrdieuyvfkeshxuisxgormmyq.png,0.7626915
shtuvrpsdcmoaooaeitmnpuckoaraa.jpg,0.9290645
fhggkjdcfrlbgjgdohqetzvtzvzwox.jpg,0.23141299
aelkivmayxgsdjosiibfgmkvfrjvjk.jpg,0.7041271
uzfesehhvhqxuziizqgipuqbvjkarm.jpg,0.71501905
tbjzvqedthirsztsnsjkfrdgroofmt.jpg,0.35975584
greuliaymizfmfvngfqmrbzayusphp.jpg,0.07316393
rwlnkupbstmcbxurjkntrubebavmjd.jpg,0.8406226
yknhljrexjerzopcvabkfobfaznbce.jpg,0.15328747
jnsjofyggzkakdsxxmptabbiksbuty.jpg,0.9108065
wljliaaphisemiemsxielexjlkirlv.jpg,0.41094667
qiqrvyhllvochhswibdzbsxcuyfcif.jpg,0.17041315
ppgimbjhcwxshiqofuziffffgvnnbt.jpg,0.94981676
clibkrbidguqcugbkymxqioqwolsvv.jpg,0.30390343
qqakhuzdxoctiscdztnrzrffzgdvux.jpg,0.636489
mtjmylupexliggdaqvuamtttjbizro.jpg,0.51644325
bakmhsflobtjjwilhsiqynhmnrjjnq.jpg,0.2913067
idnwoyvjflsoiwvbcleokhdfgdwqng.jpg,0.21692552
wrtiyoywiyiawtrnbizxykeqjoesmb.jpg,0.2800581
zuxvwdblfwjpibjexgfglpyreqslhs.jpg,0.48759863
ktmunasppplitpubmrdjbiqyuaibnd.jpg,0.7721671
smwljmgvodmaektpwpvsjbgbemexkz.jpg,0.6203352
jcqewjmnixvdytkvwuvgywcblhvotx.jpg,0.54881454
mfkvaqtdkxcsozmtzpeavslszhkbvv.jpg,0.10763034
qwztxkkzraedpivehqtrdcfdcrrsse.png,0.85494787
ogclzsfhvbloezgkivpedxaldtahzl.jpg,0.8437872
ueexuzrrjzajyeojqfmglknvpzgzad.jpg,0.8180785
lnulwsjdqnzkuyyaffwimadgavuwan.jpg,0.3596042
jdtkbagujtkdseprtglztarncdxzqt.jpg,0.82815206
plyaiuqsdfyiowewiorerysaomwoum.jpg,0.78745013
ornhixchukzqnrcisoodqytmeeqplp.jpg,0.46863678
powtvfvfexvzhhubxcczdvqmuwgtil.jpg,0.33646336
trvmaugxfpnagutconbyismxjoizzi.jpg,0.38762572
naxcngaxukhslcyoodkgkegydlzjnu.jpg,0.93729013
zkpcokomrmpbncplmxcklnvgaabmoq.jpg,0.16753916
kajnfbinymxwelbpykfzurocazkajm.jpg,0.5135072
epicmexrbnzcoykteovumnjlpeeejh.jpg,0.48964924
bkhjxlxizjiychukanlstfpcodlubc.jpg,0.1827937
wdlioyaloeejrcvmjpixqoczoesuns.jpg,0.8040834
gppgpyeceknjakxhnvcgivtzqkexdt.jpg,0.7031427
qaifzcezpnxsemsninrdanxnrecgxc.jpg,0.95748407
dthpinelztapoyhclbpyyxijcqcsyv.jpg,0.6555642
ejmhvjdcgulaxvqqwyuwabbwqjievn.jpg,0.54577184
sceudskpqcmpiutrvrjvwzrlyhusve.jpg,0.29885834
pcoalfrhngfbattlzqaljgpzrmdiby.jpg,0.42475694
vzqbztrjuoyuzfygogzutjfvnppmpi.jpg,0.7967234
tqtohrbvnjhvqqpkcpqxihkomlzddz.jpg,0.31336883
qnpphzfhyjxoutunxsukftvlauzuug.jpg,0.22028774
kvyzgviirzidxoawqeshlagmfmaqha.jpg,0.14930001
xqhpwicnsoejqslgrlwvntqhqdrjjt.jpg,0.3485964
sipovcjjclpnpgtcypjziplmmnzblp.jpg,0.7644777
tkekamvpuqgwyxgekdpmbvarytgffk.jpg,0.4951782
utqrcmliuqbblbxeacpcofcsxvhzgz.jpeg,0.37796235
ezmnotqwlrngiwgnwbaheeoueyxvny.jpg,0.33043033
botfdlboeryhmfxctjvzbqriqyonuv.jpg,0.8621641
eusetdoazbgklyqcezwcacrokjcufo.jpg,0.49690363
rdwfgwuicmbzlnqhtyhfemjzmpyrjm.jpg,0.69685477
rtnaqoagadatjgbczdaehqawjeuxiq.jpg,0.6075725
dpnnhtmzinfjwzxeihghlsaugrseso.jpg,0.52104926
ghmijyiesngyvgpegpucabzamjblhg (1).jpg,0.56221306
xxpzhbftdvltokjuzrdiuksfeynqlu.jpg,0.7708397
fvyderokisqwuoqwuaoadkkvtfoeya.jpg,0.34193036
wbfrwkddjwawzxnikfrpffjxtowjhv.jpg,0.050718486
cdxocpqismtjtcoiqncmocnyhqipeq.jpg,0.8595898
xklxzfuxkxgykpuhuzzaldbdjhcydx.jpg,0.24779974
gzmiyxrvuprhvkmnckztiadtirmwrj.jpg,0.6731474
ycdmtgjjzxhgzblmjrujqpemeqksch.jpeg,0.7388784
autvannlbggmjsuhqbnnffyhrnyyhp.jpg,0.67671216
hnmbjysdtuiasvlabvnataindypuzu.jpg,0.29258496
ylqsaoehrinbdgkmyqobrytabqvqad.jpg,0.9292542
dyintomnapqkperdaokbxbsyrgiadi.jpg,0.37727785
ajnjnkvstqesvfohaptobyasrkmcnq.jpg,0.20017129
jdiamrvlvhyxhouxlkjrdcfoqbtzlf.jpg,0.92687654
sslssipaijavmhtvbrixtbgwwnlshu.jpg,0.22355834
tzwrmkyyhlxjrbedtztknvlrgdmnfq.jpg,0.16683827
wooltgxaythwvbtdoruodwvmvbrpfg.jpg,0.028733633
wbbujdiznmyiiqjwpjymtypyswyumo.jpg,0.14365457
yoljgngorsosxyvpmflodycbrzlojm.jpg,0.09866847
xxirvsjxpsdmicscgrmpcczbnrtoek.jpg,0.11169371
volxwqaiygijoxnemgujucdvaxcmla.jpg,0.419971
nqhxoimohubxlnbgxulnralrtxyfwo.jpg,0.3347125
ggqkntfyrhgeizstqrxlhhpwvjykbl.jpg,0.810644
bjlwcuatbrxhdxocieancqgdlgqnma.jpg,0.26517823
bfjrheksmajsxlorqmwtpwjonzkyiv.jpg,0.9195837
saxrcfliklfijsofesenfhbpipucza.jpg,0.10276555
nmorsdnxcjanqzfyfjrxbvumnyihft.jpg,0.36327943
gqyjkyvhkkgfldgfvrkwvogjnganlj.jpg,0.25789753
xbuuveyzfnrozevdlhayiqncadyiof.jpg,0.4911895
wqzkxqasodsnxcugavcqsuqmdwqfoa.png,0.5982605
wcydlpgrwjmptowavcltpotjbgvxhb.jpg,0.41925582
qvnxjxzghixyyysszioajgjiexgwzh.jpg,0.7677316
pdsjckkmbslkzreqwygyjkeyehtuwy.jpg,0.6561866
cynaerknbrqzwlssknbvxqoffjfmqa.jpg,0.52990514
yjncarmoymzspzoiuivzecdjjxnitj.jpg,0.8031356
qwqvucqqtmtobwedwslipeohnrkuwr.jpg,0.39261907
wwibybtbnrvydizirztvgsbuulpouw.jpg,0.36426994
wbctqgrcgqwhbywsikdklrtbmrplim.jpg,0.18964808
unkvelhemzsndcplwwcplvzhztcllz.jpg,0.6542045
dveocsyrdwmmokqvzmherympxsnhjg.jpg,0.19876993
yegdjxoapgowmbnvlrdryvaecnynya.jpg,0.7310637
qcjrbqnfsvdmyjwegjlhzzzwzfdbgz.jpg,0.930094
jhvehfryklsushrvqiyjrxtybsyxjs.jpg,0.27310115
bzdueelveubapkgmqbhzrerdmvbqtz.jpg,0.18907796
uqpvmjbjlwceqgltplhvdxyinayphz.jpg,0.9433953
bbolakporoaeojpqandvajgrojnkaj.jpg,0.769814
khvoycguuitlcpjxdflbkdgyzaoexh.jpg,0.40425962
zgigmyufwdfgxuspzppusdfstysjfs.jpg,0.24538328
gkxlskgoqgmqkdsgnelilksjyucgro (1).jpg,0.62035733
twuombcbchukiltgyoxxovvpqidulj.jpg,0.6713574
lbvuqszvcwajhzclogpiprfgxiswpr.jpg,0.4855103
wleebloflbfqkneclgoekidfidccim.jpg,0.38921437
ovasoplwfuqqevywvgggocgxixnktp.jpg,0.26526982
mryzptvsvgrisoimspvdugeepobqkk.jpg,0.104088016
uemcqcfhactlnpdguyeqawxiarukdn.jpg,0.6698554
aveecvuafgubjfweqsfyomjgyazdxs.jpg,0.7959908
uuapkpltdjmnmxgttzdtgoewvtdmkf.jpg,0.10566954
woazdfgnjkbxcskuamebaxedxhpszi.jpg,0.58019835
hsyezwcpciffcupbkadwtcqpxhlofh.jpg,0.45228717
xurcoxcuznkvnyjhrqrtjfnrqqtlby.jpg,0.14405324
pydsgdgzcvormzgjxmsqxgizigmnqq.jpg,0.41385788
pmlzympeefriiyldejvguoilrtbczx.jpg,0.54153955
fvmrktruwpyzblmwwnubraikddamol.jpg,0.39155665
vivqwqshafxumvxojbcouebhpjitvw.jpg,0.51857364
clcluoyktakfjgcjyjgbbrhaxjkanl.jpg,0.1550989
bqudlucapxfguiydzopfdvuasiwscs.jpg,0.8737019
vdntoytydbayclzrqpfguwpzhplhvj.jpg,0.3869328
uapjecavqzibecgdvrlwiabgymtvdt.jpg,0.9230836
abpxvdfyhaaohzcrngcucmhffwizxs.jpg,0.27057144
alcveyvosnywyjbmngolmnblftdoje.jpg,0.5969558
qgseasopsvkydhuvnlfmzqbgjydsys.jpg,0.86609894
iqpspkpytnrfnnxpbdgulrpmdssxvv.jpg,0.44276386
yklgcnlafkcgjozrkuzbebbsggluus.png,0.6002847
hkftgcijkghprpxyuknyfimzjlzpde.jpg,0.26893166
sdfklgwygtjlxmwtbggmobikmuuzaw.jpg,0.4124029
dshtrcyfhcxdnmqcpqaachrxbmraqm.png,0.16231818
zodcoeblnsvtuoftjlpquidfhnbtwc.jpg,0.15896073
dbuvujopjxofqfcsxghgeruyrhqamf.jpg,0.6275429
uemcyhtssgjcecjovuzrmvkxqwmldt.jpg,0.18393622
iyyhdzhpafxpjyvrqstdlsvnhqntqw.jpg,0.48767114
louklilbbrpqodurfzvvejxglgocwi.jpg,0.6720833
ufhysrqbbzlrqymeekhvxkoqeyxbyo.jpg,0.21402746
gvykagbusbpbuzcvkftzaatczcevwk.png,0.95483387
syjhwwdrvsqvhmkdfyfmggthjmkvzd.jpg,0.40212294
qsxfaihdktxryqxchmdrhweaubkomf.jpg,0.9142218
wkvfouqvychfqwsmjnhkraowobkxgy.jpg,0.20336099
dyjtodxzlakemnjmxwcvxezykwmvoo.jpg,0.34156027
fefhbwjojkixcapyhinlmsqvjyhjmk.jpg,0.44572175
ejwoiledjlwunsjpnuquukzkjhalov.jpg,0.36160895
jhhjxctcsxlujwhoprnevvfprddnjs.jpg,0.65275663
fxrmuuyabdjwnsveyuijcliwmywezh.jpg,0.6661525
bynakhmyescxfghpzliqaaewgtlhas.jpg,0.5942858
ccliaukfdmqskirlsqaemkdtziyhos.jpg,0.30556834
jkutvlbzwibdltuythhqtweqazglok.jpg,0.21793397
fvitugrhbmzimhnlanfwqhnmtovgob.jpg,0.5394558
imkumwldsvcwkjbhwglebnqtgjuaqy.jpg,0.5017684
hqxkkaletsjpqenfgprderxwvvdtwx.jpg,0.67195195
umgwufightqsnhtjyfochvdnrcsccb.jpg,0.426364
zesbxhcglwjpplcmsfntcpummkbhfz.jpg,0.56956184
zvyajojutzgqumdjfxxkpiuuxeefyy.jpg,0.6711447
qskzbotijtjaphichunoesuwbybguk.png,0.6644182
rjidoxfzbxyeffhrkzguqdqksvwtpa.jpg,0.73925924
cetwookalphtxhtbwgcpzfjpmasfic.png,0.8159682
wcnsyehazqxgakcdbtyehtkwoiwppj.jpg,0.3551535
gknekhtxumsiktsbnrmczrczxalrml (1).jpg,0.47741574
pbndybjpdykkiinslkpnepifijnsvd.jpg,0.38862914
rqxlpeljjhhifqnlrywertwvzywynb.jpg,0.6153478
wpsmdmlakitjsnypxeecpajkecrgqw.jpg,0.2197127
mzwwwdleaormcvlqonydhzypbhqehq.jpg,0.9422481
rrrncyqvyxkyshtdtxrtzcmltgpugh.jpg,0.7926519
fvvzssylplidrbhtvshkkfflzatqsd.jpg,0.5622139
smudegzshenddkbjyxihvwjdrensex.jpeg,0.39787805
egmlopponygomfuzzhzoextlxzgkmo.jpg,0.5418957
ykngxpgtimmeszcxyntqujxyslvkrz.jpg,0.78917646
ziseknqemrbhawedjdyxevolrwumkq.jpg,0.2902009
xjngjjhzpyhxmstueplojbqreasnes.jpg,0.5885693
xpivtvyweotwypnjfaenuhouijtwrj.jpg,0.19131096
qipkjvcthoccixqxbsdcqgjtzmqvcq.jpg,0.5989907
nrxwgfqqltfxrotfkykgknzommtzdd.jpg,0.95652986
tosutnsfkotuhlqcxkyartdjribecy.jpg,0.6170409
rjsayiylvpblfpjzyxwnejcevzncpm.jpg,0.6717212
mragkclknhcnqosdkuvchpjdrjofso.jpg,0.63040394
pdcxycqzkznkqntnqsmobdhagkfazw.jpg,0.75619644
dhcyrecupnqhsmwidgcgghdvkmlsfi.jpg,0.26832032
tmthqtrdrzwgadmsftvwpwlssemeic.jpg,0.21307397
ethbvskgnyzyuirqytshhzvyzbqjxv.jpg,0.38457873
urdgcrihebtothfemyxubtwpinualu.jpg,0.53518057
ktfusajinfwbuflriajdptixqssvun.jpg,0.43208638
opdeeeogjakgkmhchcmfcfggxpcszz.jpg,0.9099208
jdmorbhddqxvqofbotgldacezkmyjt.jpg,0.58429533
iwgumsxpuxzcolrrnfwkqidfknzjic.jpg,0.2866076
ghrmrfrolhxyxvjxptjaiaixlbholy (1).jpg,0.5891535
lhrglduisvdlcgjiofvkkhvdcuaenj.jpg,0.09335203
padarkkzjbruayvwslkssxmumkrjsz.jpg,0.69528705
mzvlhczvlelzrkrgyelzjcjtcssgpq.jpg,0.4314193
vwqrhobzdutxipuwgssuzjbhxumbod.jpg,0.6945862
pjtremwjwtxaqyzmyuhqrkszorrons.jpg,0.5287317
uxxhcjkukexpxutwqbvdjpgurqmwli.jpg,0.4832373
leibivudzejijilbzmjwyqcgnolcbb.jpg,0.8546319
smoiczjaouyiefhoizeyarkxzwutbe.png,0.4194992
eoeatxoppisxmubbwmpnabjbezizgx.jpg,0.70581204
kebxzepgnybcvtvjqohjaclvvsqjgo.jpg,0.3642862
gexghbuikqpefswrouipqfgvkzdkzv.jpg,0.20101973
nlhevzkzseaudpnhbawmmufkxnqyni.jpg,0.41369498
kmxjicdqvpfpvrhqukkpumdscvgnob.jpg,0.1387485
ijmzxmoihywxoariplmfexcmexsibs.jpg,0.97739923
xgfrghdwyumnzdvxsuzlehyruvkita.png,0.9012886
mtkmqoxjnmplockjwdilejfsrxcbvy.jpg,0.73073447
jqueszoqlgzwqzksmzanznuieydnyy.jpg,0.65580237
lkzjcblzskcxgdzssgiasoddrrtouf.jpg,0.14292595
qsgsfxhekupbygbbjmhmgmheylbals.jpg,0.52788466
akkydnvilgvzigllmboonbqbbioocs.jpg,0.32529497
fnkfsdjmdihrmynpqxmnrwzxessrdc.jpg,0.7960109
jgvemmdihzkjgodvehrlpacstjwnbv.jpg,0.33210045
ddmvffnxrrqoftjquegcfyynvbpioe.jpg,0.7738605
gbfvanqxwaqvwzxuqegqaompgvsamm.jpg,0.36043423
amvorhijzrsihdqvyddkamjdyuahqm.jpg,0.2558102
gkkyvkssgzphtrubosqxyhkaihmixj (1).jpg,0.7984482
zndfvhigsuchffrepbzdwrlhgncmtd.jpg,0.50128305
akvjfjhgayyjwrqrczjbeyoqhhajis.jpg,0.2106577
xnyhtjljydambkxbueqmgixbainqrw.jpg,0.7170475
snylansyoagwhxkcenskjanfkgpigr.jpg,0.7390332
ltuibmgnhtgsfugypuufvwrqprxtfk.jpg,0.8317133
dihlagwlolbphxxdxmfbsmaeqqqcgs.jpeg,0.20116031
wpiddqgustjsgnzcdoykwhecjmfsbo.jpg,0.43574324
mthrpqxgvwfdlksknvymngogpppnhp.jpg,0.2853309
jaypieocqkwftzmbzsgrkttchyhpaa.jpg,0.6787251
wischoicbrogjyfnhdycphsaneiuwm.jpg,0.6946506
yyvvnujfgpfcpcgwdyjfthnlycslkk.jpg,0.37522095
omgrzbdrlptmmwpudagcrctzvznrap.png,0.6482406
vlpwwjhopipwypxltcstohkkjgudbv.jpg,0.11269439
lctzakuojllwuturyhbsoyexhyrhfb.jpg,0.06597687
nfxhlppokdjomdwvjweudtpurlmwnx.jpg,0.6052843
qcwfppwrwajqvcjtzgadczsmjjglpa.jpg,0.058756158
sbjiktnxorfqchvhvtresgziklndbw.jpg,0.708443
mhkqlunhxjqrrnpjvwfklbzvwtrhch.jpg,0.5191551
rbztrgnugpkdoaxagndgdjbijoqele.jpg,0.58106536
